Y9LQEZJPNVpw_30.000_40.000.wav	1.4166666666666667	10.0	Train horn
Y9LQEZJPNVpw_30.000_40.000.wav	1.1666666666666667	10.0	Train
YE8NgxTz1d90_30.000_40.000.wav	0.0	10.0	Car
Y4TshFWSsrn8_290.000_300.000.wav	0.0	10.0	Car
YbA8mt0JI0Ko_30.000_40.000.wav	1.2083333333333333	10.0	Police car (siren)
YARIVxBOc0BQ_40.000_50.000.wav	0.4166666666666667	9.916666666666666	Fire engine, fire truck (siren)
YARIVxBOc0BQ_40.000_50.000.wav	1.125	8.666666666666666	Truck
YmGG8rop4Jig_30.000_40.000.wav	1.2083333333333333	10.0	Bus
YKzKDk-UgS54_30.000_40.000.wav	0.0	10.0	Car
YeAl9WwRaWUE_30.000_40.000.wav	0.0	10.0	Car
YQzrS-S7OerE_370.000_380.000.wav	0.0	10.0	Car
Ygd_KjDM4fi8_0.000_10.000.wav	0.0	10.0	Car
YAwFuGITwrms_30.000_40.000.wav	0.16666666666666666	10.0	Fire engine, fire truck (siren)
YAwFuGITwrms_30.000_40.000.wav	0.2916666666666667	10.0	Truck
YiWl-5LNURFc_30.000_40.000.wav	0.0	10.0	Car
Y2Fdau5KTEls_30.000_40.000.wav	0.0	10.0	Car
Y4Ukj2TTJxHM_30.000_40.000.wav	0.0	10.0	Civil defense siren
YUtZofZjccBs_290.000_300.000.wav	1.0833333333333333	2.6666666666666665	Skateboard
YUtZofZjccBs_290.000_300.000.wav	3.7916666666666665	10.0	Skateboard
YEqFuY_U0Yz0_30.000_40.000.wav	0.0	10.0	Car
YJtuNiusRRLk_30.000_40.000.wav	0.0	10.0	Car
YCnYWJp2bknU_50.000_60.000.wav	1.0833333333333333	10.0	Motorcycle
YzbiJEml563w_20.000_30.000.wav	0.125	10.0	Fire engine, fire truck (siren)
YAHom7lBbtoY_30.000_40.000.wav	1.8333333333333333	10.0	Train
Y4XMY2IvVSf0_30.000_40.000.wav	0.0	10.0	Car
Y3S2-TODd__k_90.000_100.000.wav	0.3333333333333333	9.375	Train horn
Y3S2-TODd__k_90.000_100.000.wav	0.08333333333333333	9.666666666666666	Train
YwwNIm8bgzKc_30.000_40.000.wav	0.0	10.0	Car
Ylf1Sblrda3A_560.000_570.000.wav	0.0	8.708333333333334	Civil defense siren
YUQx0EMXtLZA_60.000_70.000.wav	0.0	10.0	Car
YeRclX9l0F_c_150.000_160.000.wav	1.0416666666666667	10.0	Truck
Y-QxSFr1cYuQ_20.000_30.000.wav	1.3333333333333333	10.0	Truck
YFRwFfq3Tl1g_310.000_320.000.wav	0.0	5.833333333333333	Car
YFRwFfq3Tl1g_310.000_320.000.wav	6.666666666666667	9.208333333333334	Car
YRhvy7V4F95Q_40.000_50.000.wav	0.7916666666666666	10.0	Train
Y4JDah6Ckr9k_5.000_15.000.wav	0.4583333333333333	6.875	Car
YL9YtOeck3A0_0.000_10.000.wav	0.0	9.041666666666666	Car
YK7a1P4RX_5w_30.000_40.000.wav	0.08333333333333333	10.0	Civil defense siren
YcEEoKQ38fHY_30.000_40.000.wav	0.0	10.0	Car
YpxmrmtEnROk_30.000_40.000.wav	0.625	10.0	Train horn
YpxmrmtEnROk_30.000_40.000.wav	0.20833333333333334	10.0	Train
YxVG7dfH5DL0_320.000_330.000.wav	1.5	10.0	Screaming
YPair_NsHdTc_30.000_40.000.wav	0.0	10.0	Car
YTv67JhZDAYs_30.000_40.000.wav	0.0	10.0	Car
YO36torHptH4_30.000_40.000.wav	0.0	10.0	Car
YZeH6Fc7Y900_30.000_40.000.wav	0.08333333333333333	10.0	Fire engine, fire truck (siren)
YZ5M3fGT3Xjk_60.000_70.000.wav	0.0	10.0	Car
YtuplsUUDXKw_30.000_40.000.wav	0.5833333333333334	7.333333333333333	Bicycle
YL4Z7XkS6CtA_30.000_40.000.wav	0.0	7.125	Car
YgaFQgJLQHtU_90.000_100.000.wav	0.0	10.0	Car
YSm0pPvXPA9U_30.000_40.000.wav	2.4583333333333335	10.0	Ambulance (siren)
YeyFPHlybqDg_30.000_40.000.wav	0.0	10.0	Car
Yxbr7x2V6mxk_30.000_40.000.wav	0.625	10.0	Police car (siren)
YCLIdVCUO_Vw_30.000_40.000.wav	0.20833333333333334	10.0	Civil defense siren
YnfY_zkJceDw_30.000_40.000.wav	1.25	10.0	Train horn
YnfY_zkJceDw_30.000_40.000.wav	0.875	10.0	Train
Yk2a30--j37Q_30.000_40.000.wav	0.0	10.0	Civil defense siren
YVXI3-DI4xNs_30.000_40.000.wav	1.3333333333333333	10.0	Police car (siren)
Y8v377AXrgac_30.000_40.000.wav	0.75	8.708333333333334	Car
YJgDuU9kpHpM_30.000_40.000.wav	1.5	10.0	Fire engine, fire truck (siren)
YJgDuU9kpHpM_30.000_40.000.wav	2.375	10.0	Truck
YFYk2paHPSdg_30.000_40.000.wav	0.20833333333333334	7.875	Truck
YFYk2paHPSdg_30.000_40.000.wav	9.291666666666666	10.0	Truck
YDgWHUawAGnI_30.000_40.000.wav	0.5833333333333334	10.0	Civil defense siren
Y-BY64_p-vtM_30.000_40.000.wav	0.0	10.0	Car
YhVvtTC9AmNs_30.000_40.000.wav	2.25	10.0	Bus
YPCl-q7lCT_U_50.000_60.000.wav	0.875	10.0	Fire engine, fire truck (siren)
YPCl-q7lCT_U_50.000_60.000.wav	0.3333333333333333	10.0	Truck
YYTFJUFWcRns_30.000_40.000.wav	1.1666666666666667	10.0	Car
YmAfPu0meA_Y_20.000_30.000.wav	0.16666666666666666	10.0	Fire engine, fire truck (siren)
Y7KiTXYwaD04_7.000_17.000.wav	2.2083333333333335	9.75	Screaming
YvQG4HZR2KSk_30.000_40.000.wav	0.08333333333333333	10.0	Civil defense siren
YANofTuuN0W0_160.000_170.000.wav	1.3333333333333333	6.791666666666667	Skateboard
YANofTuuN0W0_160.000_170.000.wav	7.916666666666667	10.0	Skateboard
Y6OgSNQOTw2U_30.000_40.000.wav	1.4166666666666667	10.0	Motorcycle
Yf__6chtFRM0_30.000_40.000.wav	0.0	2.0833333333333335	Car
Yf__6chtFRM0_30.000_40.000.wav	3.9166666666666665	10.0	Car
YHFF_PpqLQ9w_30.000_40.000.wav	0.0	10.0	Car
Y0N0C0Wbe6AI_30.000_40.000.wav	2.0416666666666665	10.0	Police car (siren)
Y8CqqK9CzuXM_30.000_40.000.wav	0.0	10.0	Car
Yg0ICxHjC9Uc_30.000_40.000.wav	3.375	10.0	Bus
YGbIuxmaiCOk_30.000_40.000.wav	0.25	10.0	Fire engine, fire truck (siren)
YGbIuxmaiCOk_30.000_40.000.wav	0.375	10.0	Truck
YC4YMjmJ7tt4_90.000_100.000.wav	1.1666666666666667	8.375	Screaming
Yd21IwtH2oHI_30.000_40.000.wav	0.0	1.2916666666666667	Car
Yd21IwtH2oHI_30.000_40.000.wav	1.75	10.0	Car
YA5y-aZc0CiM_30.000_40.000.wav	0.041666666666666664	10.0	Civil defense siren
YaOVPHKqKjyQ_90.000_100.000.wav	0.0	4.208333333333333	Car
YaOVPHKqKjyQ_90.000_100.000.wav	4.75	10.0	Car
Y81DteAPIhoE_30.000_40.000.wav	0.25	10.0	Truck
YSkXXjcw9sJI_30.000_40.000.wav	0.375	10.0	Bicycle
Y1Mk2MJDhLJQ_20.000_30.000.wav	1.4166666666666667	10.0	Truck
YQDW_uCMnMMU_0.000_8.000.wav	3.5	10.0	Screaming
Y9Ti98L4PRCo_17.000_27.000.wav	0.625	10.0	Car
YG958vjLYBcI_110.000_120.000.wav	0.75	10.0	Train
YeIkUuCRE_0U_30.000_40.000.wav	0.375	10.0	Truck
YBmS2NiuT2c0_160.000_170.000.wav	1.125	10.0	Train
Y0O-gZoirpRA_30.000_40.000.wav	0.0	6.583333333333333	Car
Y0O-gZoirpRA_30.000_40.000.wav	7.125	10.0	Car
Yo98R4ruf8kw_30.000_40.000.wav	0.0	10.0	Car
YRVTKY5KR3ME_20.000_30.000.wav	0.875	7.291666666666667	Car alarm
YaHEAK0iWqKk_180.000_190.000.wav	0.0	7.458333333333333	Car
Y5DjZHCumLfs_11.000_21.000.wav	0.0	1.8333333333333333	Car
Y5DjZHCumLfs_11.000_21.000.wav	2.6666666666666665	10.0	Car
Yrgeu0Gtf3Es_40.000_50.000.wav	1.4583333333333333	10.0	Car
Y4KZWpXlcpM4_60.000_70.000.wav	0.0	4.416666666666667	Car
Y4KZWpXlcpM4_60.000_70.000.wav	5.75	10.0	Car
YlGf_L6i6AZI_20.000_30.000.wav	0.7083333333333334	10.0	Car
YyESwp_fg0Po_70.000_80.000.wav	0.0	8.708333333333334	Car
YyESwp_fg0Po_70.000_80.000.wav	9.5	10.0	Car
YPfXdcsW8dJI_540.000_550.000.wav	0.4166666666666667	10.0	Skateboard
Y-FKrYTj_eCU_0.000_10.000.wav	0.0	5.791666666666667	Car
Y-FKrYTj_eCU_0.000_10.000.wav	6.958333333333333	8.333333333333334	Car
Y-FKrYTj_eCU_0.000_10.000.wav	9.125	10.0	Car
Y8rMlNbKlp_s_0.000_10.000.wav	0.0	10.0	Car
Y7lJu9wEsErY_220.000_230.000.wav	0.0	10.0	Car
YfJLCT3xDGxA_30.000_40.000.wav	0.0	10.0	Car
YY_jwEflLthg_190.000_200.000.wav	5.291666666666667	10.0	Train
Yhl3Kqi9Wi_g_30.000_40.000.wav	1.5416666666666667	10.0	Train
Y6VQGk8IrV-4_30.000_40.000.wav	0.0	2.9583333333333335	Car
Y6VQGk8IrV-4_30.000_40.000.wav	4.333333333333333	10.0	Car
YTVvbfuGu9eM_70.000_80.000.wav	0.7916666666666666	10.0	Screaming
YyQjnNR7fXKo_50.000_60.000.wav	0.0	10.0	Car
YWXsTHg_DiYA_30.000_40.000.wav	0.0	10.0	Civil defense siren
YYd10enP9ykM_30.000_40.000.wav	0.875	10.0	Car
YtKdRlWz-1pg_30.000_40.000.wav	0.5416666666666666	10.0	Bicycle
YfHaQPHCjyfA_30.000_40.000.wav	2.5833333333333335	10.0	Police car (siren)
YJu7Kg_H2iZQ_30.000_40.000.wav	0.0	10.0	Car
YnY1gcEMzsWI_10.000_20.000.wav	4.833333333333333	10.0	Train
Y8sGJFPr2Nmc_30.000_40.000.wav	1.1666666666666667	10.0	Bus
YDk6b9dVD0i8_6.000_16.000.wav	0.0	10.0	Car
Y6kXUG1Zo6VA_0.000_10.000.wav	2.125	10.0	Skateboard
Y1F9zCsJyw6k_430.000_440.000.wav	0.0	1.9583333333333333	Car
Y1F9zCsJyw6k_430.000_440.000.wav	3.6666666666666665	10.0	Car
YfRKxUc1gQBw_50.000_60.000.wav	0.125	10.0	Civil defense siren
YkUrb38hMwPs_0.000_10.000.wav	1.5416666666666667	8.916666666666666	Car
YF50h9HiyC3k_40.000_50.000.wav	0.0	10.0	Car
Yx6vuWsdeS3s_30.000_40.000.wav	0.0	10.0	Car
YwM-sBzIDzok_30.000_40.000.wav	0.0	10.0	Car
YT6oYCFRafPs_30.000_40.000.wav	0.0	0.625	Car
YT6oYCFRafPs_30.000_40.000.wav	2.2083333333333335	10.0	Car
YK9pSRLw6FNc_40.000_50.000.wav	0.9166666666666666	10.0	Train
YCoFbRc1OxFU_9.000_19.000.wav	1.3333333333333333	10.0	Bus
YXyCjByHuDIk_260.000_270.000.wav	0.0	10.0	Car
Ygjlo4evwjlE_30.000_40.000.wav	0.08333333333333333	10.0	Civil defense siren
YBS1fqEDAvh0_330.000_340.000.wav	0.0	5.25	Car
YBS1fqEDAvh0_330.000_340.000.wav	6.666666666666667	8.416666666666666	Car
YBS1fqEDAvh0_330.000_340.000.wav	9.0	10.0	Car
YTBjrN1aMRrM_30.000_40.000.wav	2.8333333333333335	10.0	Train horn
YTBjrN1aMRrM_30.000_40.000.wav	2.75	10.0	Train
YBFqHyCoypfM_16.000_26.000.wav	3.25	10.0	Screaming
Y8yRROnG0-lA_30.000_40.000.wav	0.0	10.0	Car
YLNQ7fzfdLiY_30.000_40.000.wav	5.916666666666667	10.0	Police car (siren)
YgTFCK9TuLOQ_30.000_40.000.wav	0.0	10.0	Car
YMbe4rlNiM84_0.000_7.000.wav	4.5	10.0	Screaming
YteoER4j9H14_290.000_300.000.wav	0.5833333333333334	9.208333333333334	Car
Yr6mHSfFkY_8_30.000_40.000.wav	0.0	4.166666666666667	Car
Yr6mHSfFkY_8_30.000_40.000.wav	5.125	10.0	Car
Y_yU0-fmspFY_210.000_220.000.wav	0.0	10.0	Car
YOzWJuqG2F3Y_30.000_40.000.wav	0.7916666666666666	10.0	Screaming
Y6taAP7SFewI_30.000_40.000.wav	0.0	10.0	Car
Y_6Fyave4jqA_260.000_270.000.wav	0.8333333333333334	8.708333333333334	Skateboard
YYCk9F0Uq3BE_70.000_80.000.wav	1.0	10.0	Screaming
YIIIxN_ziy_I_60.000_70.000.wav	1.125	10.0	Screaming
Y6b2ZMMrLTz8_5.000_15.000.wav	0.0	10.0	Car
Y145N68nh4m0_120.000_130.000.wav	0.5833333333333334	10.0	Police car (siren)
Y145N68nh4m0_120.000_130.000.wav	1.1666666666666667	10.0	Car
YES-rjFfuxq4_120.000_130.000.wav	0.0	10.0	Car
Yz4B14tAqJ4w_30.000_40.000.wav	0.0	10.0	Police car (siren)
YjwZTKNsbf58_70.000_80.000.wav	0.4166666666666667	3.8333333333333335	Truck
YjwZTKNsbf58_70.000_80.000.wav	4.75	10.0	Truck
YY-4dtrP-RNo_7.000_17.000.wav	1.3333333333333333	3.625	Car alarm
YY-4dtrP-RNo_7.000_17.000.wav	4.833333333333333	10.0	Car alarm
Yi9VjpIbM3iE_410.000_420.000.wav	0.125	5.416666666666667	Motorcycle
Yi9VjpIbM3iE_410.000_420.000.wav	5.291666666666667	10.0	Train
YH9xQQVv3ElI_30.000_40.000.wav	0.8333333333333334	4.541666666666667	Police car (siren)
YH9xQQVv3ElI_30.000_40.000.wav	7.583333333333333	10.0	Police car (siren)
YaXsUHAKbyLs_30.000_40.000.wav	3.3333333333333335	10.0	Train horn
YaXsUHAKbyLs_30.000_40.000.wav	3.0	10.0	Train
Y6BitLl5Bnxw_30.000_40.000.wav	0.625	2.6666666666666665	Car
Y6BitLl5Bnxw_30.000_40.000.wav	4.125	10.0	Car
YKiCB6pP6EEo_100.000_110.000.wav	0.0	10.0	Car
YDYcXvyBFc5w_30.000_40.000.wav	0.9166666666666666	10.0	Screaming
Y2UvEmetE__I_30.000_40.000.wav	0.0	10.0	Car
YfeIue4LHzfM_30.000_40.000.wav	0.08333333333333333	10.0	Civil defense siren
Y3fPX1LaGwJo_60.000_70.000.wav	0.7083333333333334	10.0	Car
YI4VDcVTE4YA_30.000_40.000.wav	2.0416666666666665	10.0	Truck
YZhpkRcAEJzc_3.000_13.000.wav	2.2083333333333335	3.125	Skateboard
YZhpkRcAEJzc_3.000_13.000.wav	4.583333333333333	10.0	Skateboard
YnFqf1vflJaI_350.000_360.000.wav	0.5833333333333334	10.0	Bicycle
YepGDNMrsQb8_40.000_50.000.wav	0.08333333333333333	10.0	Motorcycle
Y8qMHvgA9mGw_20.000_30.000.wav	0.875	10.0	Ambulance (siren)
Y1IQdvfm9SDY_30.000_40.000.wav	2.2083333333333335	9.208333333333334	Screaming
YauC_LgwFF8g_30.000_40.000.wav	5.458333333333333	10.0	Screaming
YY5e8BW513ww_20.000_30.000.wav	0.0	6.208333333333333	Car
YUerX5Bv2hcs_70.000_80.000.wav	0.0	9.458333333333334	Car
YllZBUsAwRWc_30.000_40.000.wav	0.0	1.625	Car
YllZBUsAwRWc_30.000_40.000.wav	2.875	10.0	Car
Y9lMtTDKyDEk_30.000_40.000.wav	0.0	10.0	Car
Yu3yYpMwG4Us_30.000_40.000.wav	2.125	10.0	Ambulance (siren)
YMwSbYICrYj8_290.000_300.000.wav	0.4583333333333333	9.583333333333334	Truck
YMwSbYICrYj8_290.000_300.000.wav	1.5833333333333333	10.0	Train
Ys0iddDFzL9s_30.000_40.000.wav	1.0416666666666667	10.0	Ambulance (siren)
YI4qODX0fypE_30.000_40.000.wav	1.9583333333333333	10.0	Train horn
YI4qODX0fypE_30.000_40.000.wav	0.8333333333333334	10.0	Train
YD62L3husEa0_30.000_40.000.wav	3.75	10.0	Screaming
YBQVXzH6YK8g_30.000_40.000.wav	0.0	8.625	Car
Yn4o1r8Ai66o_30.000_40.000.wav	3.25	10.0	Truck
YvYKWnuvq2FI_30.000_40.000.wav	0.16666666666666666	10.0	Fire engine, fire truck (siren)
Y-HWygXWSNRA_30.000_40.000.wav	0.0	10.0	Car
Ypzup58Eyhuo_30.000_40.000.wav	0.125	10.0	Fire engine, fire truck (siren)
YbQSaQ0iX_vk_30.000_40.000.wav	0.0	10.0	Car
YWffmaOr2p8I_30.000_40.000.wav	0.0	10.0	Car
YowZDBEq6WdU_30.000_40.000.wav	0.0	10.0	Car
Y_HGGCwtyNxM_30.000_40.000.wav	1.375	6.958333333333333	Motorcycle
Y_HGGCwtyNxM_30.000_40.000.wav	8.166666666666666	10.0	Motorcycle
YCNcxzB9F-Q8_100.000_110.000.wav	1.0833333333333333	9.333333333333334	Skateboard
Y-fJsZm3YRc0_30.000_40.000.wav	2.7083333333333335	10.0	Fire engine, fire truck (siren)
YgU0mD2fSh4c_500.000_510.000.wav	0.0	3.375	Car
YgU0mD2fSh4c_500.000_510.000.wav	4.041666666666667	6.875	Car
YgU0mD2fSh4c_500.000_510.000.wav	9.166666666666666	10.0	Car
YXVxlZqwWcBI_10.000_20.000.wav	3.4583333333333335	10.0	Motorcycle
YNqzZbJJl3E4_30.000_40.000.wav	2.0	10.0	Bicycle
YgKMpowHeyKc_30.000_40.000.wav	4.458333333333333	10.0	Train horn
YgKMpowHeyKc_30.000_40.000.wav	0.6666666666666666	10.0	Train
YF-JFxERdA2w_30.000_40.000.wav	0.9583333333333334	10.0	Train
YuZfsEDo3elY_20.000_30.000.wav	1.125	10.0	Train
YLjEqr0Z7xm0_0.000_6.000.wav	2.5	10.0	Bicycle
YqAQuljp-atA_30.000_40.000.wav	0.0	3.0	Car
YqAQuljp-atA_30.000_40.000.wav	5.75	10.0	Car
Y-7eDqv-6AKQ_30.000_40.000.wav	0.0	10.0	Car
YpPnLErF3GOY_30.000_40.000.wav	1.3333333333333333	10.0	Car
YOjVY3oM1jEU_40.000_50.000.wav	0.2916666666666667	10.0	Civil defense siren
YBk_xS_fKCpk_30.000_40.000.wav	1.9166666666666667	8.708333333333334	Screaming
Y5z1rE_l-0Ow_0.000_8.000.wav	0.0	2.625	Car
Y5z1rE_l-0Ow_0.000_8.000.wav	3.4166666666666665	10.0	Car
YAn-4jPvUT14_60.000_70.000.wav	0.25	10.0	Skateboard
YPVgL5wFOKMs_30.000_40.000.wav	0.0	10.0	Car
YC3LLtToB2zA_30.000_40.000.wav	0.0	5.375	Car
YC3LLtToB2zA_30.000_40.000.wav	7.125	10.0	Car
Yckt7YEGcSoY_30.000_40.000.wav	0.0	10.0	Car
YxqH9TpH6Xy0_0.000_10.000.wav	0.0	2.0833333333333335	Car
YxqH9TpH6Xy0_0.000_10.000.wav	3.8333333333333335	10.0	Car
YoYeql9xE19k_30.000_40.000.wav	2.6666666666666665	10.0	Civil defense siren
YlKQ-I_P7TEM_20.000_30.000.wav	1.7083333333333333	7.916666666666667	Train horn
YlKQ-I_P7TEM_20.000_30.000.wav	1.4166666666666667	10.0	Train
YTrQGIZqrW0s_30.000_40.000.wav	1.0	8.666666666666666	Bicycle
YjZxusrD28rM_30.000_40.000.wav	0.0	10.0	Car
YvBXPyBiyJG0_30.000_40.000.wav	4.708333333333333	10.0	Police car (siren)
YYIJBuXUi64U_30.000_40.000.wav	0.8333333333333334	6.666666666666667	Screaming
YYIJBuXUi64U_30.000_40.000.wav	8.0	10.0	Screaming
Y84E9i9_ELBs_30.000_40.000.wav	0.0	10.0	Car
Y_Mw9lKigni4_30.000_40.000.wav	1.7916666666666667	10.0	Car
YGwBS2NzjAvA_30.000_40.000.wav	0.0	10.0	Car
Y2uMXfAIMeN0_180.000_190.000.wav	0.0	10.0	Car
YcdbYsoEasio_70.000_80.000.wav	0.875	6.791666666666667	Screaming
YvjsG5b2yNzc_190.000_200.000.wav	0.08333333333333333	10.0	Civil defense siren
YxuMBy2NoROI_30.000_40.000.wav	0.0	10.0	Car
YLK4b2eJpy24_30.000_40.000.wav	1.625	10.0	Train
YaB6FDPKAPus_30.000_40.000.wav	0.875	10.0	Car
YQt7FJkuqWPE_30.000_40.000.wav	2.9583333333333335	10.0	Bus
Yd-do1XZ8f_E_30.000_40.000.wav	0.0	10.0	Car
Y45JHcLU57B8_20.000_30.000.wav	0.0	10.0	Car
Yjlz7r-NSUuA_50.000_60.000.wav	3.625	10.0	Bicycle
Y7g6aZTBe2xE_30.000_40.000.wav	0.0	10.0	Car
Y8SYLYWR47EE_30.000_40.000.wav	0.0	10.0	Car
YZJW7ymsioQc_16.000_26.000.wav	0.0	10.0	Car
Y3FWHjjZGT9U_80.000_90.000.wav	3.9583333333333335	10.0	Police car (siren)
Y6MCy1lh4qaw_20.000_30.000.wav	0.0	10.0	Car
YZfkO1HlI0zM_30.000_40.000.wav	0.0	10.0	Car
YANWU9Hiy_5k_40.000_50.000.wav	0.0	10.0	Car
YJpLA7HY9r3Y_30.000_40.000.wav	0.3333333333333333	10.0	Fire engine, fire truck (siren)
YDEGSyVygE98_110.000_120.000.wav	0.0	10.0	Car
Y0phl6nlC-n0_10.000_20.000.wav	2.2083333333333335	10.0	Air horn, truck horn
YNdCr5IDnkxc_30.000_40.000.wav	3.7083333333333335	10.0	Train
YGPJ1uQwmNHk_30.000_40.000.wav	0.5	10.0	Screaming
YL1qC8DicAZE_70.000_80.000.wav	0.0	1.6666666666666667	Car
YL1qC8DicAZE_70.000_80.000.wav	2.6666666666666665	3.5	Car
YL1qC8DicAZE_70.000_80.000.wav	4.625	10.0	Car
YLzcNa3HvD7c_30.000_40.000.wav	0.2916666666666667	10.0	Train
Y8jblPMBafKE_30.000_40.000.wav	4.375	10.0	Motorcycle
YdSzZWgbJ378_30.000_40.000.wav	0.16666666666666666	10.0	Train
Y5QP1Tc3XbDc_30.000_40.000.wav	0.3333333333333333	10.0	Car
YsUp-UXzgmrA_0.000_10.000.wav	2.25	10.0	Screaming
YoPJVdi0cqNE_30.000_40.000.wav	0.0	10.0	Car
YnApE_Biu13k_10.000_20.000.wav	1.1666666666666667	10.0	Train
YUkCEuwYUW8c_110.000_120.000.wav	1.0833333333333333	7.541666666666667	Bicycle
YUkCEuwYUW8c_110.000_120.000.wav	8.291666666666666	10.0	Bicycle
YNq8GyBrTI8Y_30.000_40.000.wav	0.0	10.0	Car
YGFQnh84kNwU_30.000_40.000.wav	0.7083333333333334	10.0	Train horn
YGFQnh84kNwU_30.000_40.000.wav	0.20833333333333334	10.0	Train
YDdZw0XDv0JI_30.000_40.000.wav	0.0	10.0	Civil defense siren
Ya5vTn5286-A_80.000_90.000.wav	0.0	10.0	Car
Yahct5yzUtdE_20.000_30.000.wav	0.4166666666666667	10.0	Car
YxQTPEQDb0Gg_30.000_40.000.wav	0.0	0.5	Car
YxQTPEQDb0Gg_30.000_40.000.wav	1.9583333333333333	10.0	Car
YZauRsP1uH74_12.000_22.000.wav	4.875	10.0	Air horn, truck horn
YxZ8hQliZqhg_160.000_170.000.wav	0.0	4.458333333333333	Car
YxZ8hQliZqhg_160.000_170.000.wav	4.958333333333333	10.0	Car
YIuTfMfzkr5Y_120.000_130.000.wav	3.5416666666666665	10.0	Air horn, truck horn
YF5AP8kQvogM_30.000_40.000.wav	0.0	3.375	Car
YF5AP8kQvogM_30.000_40.000.wav	4.208333333333333	10.0	Car
YBhQPDafekdw_30.000_40.000.wav	1.4583333333333333	10.0	Civil defense siren
Yyk5LqHTtHLo_30.000_40.000.wav	0.25	5.791666666666667	Truck
Yyk5LqHTtHLo_30.000_40.000.wav	6.958333333333333	10.0	Truck
YTmm4H6alHCE_30.000_40.000.wav	0.75	10.0	Skateboard
YPPq9QZmV7jc_25.000_35.000.wav	4.208333333333333	10.0	Bicycle
YetppP5Sdo14_30.000_40.000.wav	0.25	2.0833333333333335	Civil defense siren
YetppP5Sdo14_30.000_40.000.wav	3.25	10.0	Civil defense siren
YpNMBIqvbyB4_30.000_40.000.wav	0.125	5.916666666666667	Motorcycle
YFFSWmryaZ60_30.000_40.000.wav	0.0	10.0	Car
YnRMmafPUAEU_80.000_90.000.wav	1.7083333333333333	6.666666666666667	Screaming
YnRMmafPUAEU_80.000_90.000.wav	7.666666666666667	10.0	Screaming
YXQbeLJYzY9k_90.000_100.000.wav	1.0833333333333333	3.625	Train
YXQbeLJYzY9k_90.000_100.000.wav	4.541666666666667	10.0	Train
YH7lOMlND9dc_30.000_40.000.wav	0.25	2.9583333333333335	Police car (siren)
YH7lOMlND9dc_30.000_40.000.wav	4.083333333333333	10.0	Police car (siren)
Y3mor5mPSYoU_7.000_17.000.wav	1.7916666666666667	10.0	Car
Y0N9EN0BEjP0_430.000_440.000.wav	1.6666666666666667	10.0	Bus
Y_gG0KNGD47M_30.000_40.000.wav	0.20833333333333334	10.0	Truck
YfztkF47lVQg_0.000_10.000.wav	0.0	10.0	Car
YstdjjG6Y5IU_30.000_40.000.wav	1.1666666666666667	10.0	Train
YCU2MyVM_B48_30.000_40.000.wav	0.0	10.0	Civil defense siren
YsyIwNMo2TUA_0.000_7.000.wav	1.7083333333333333	10.0	Screaming
YULS3ffQkCW4_30.000_40.000.wav	0.875	10.0	Police car (siren)
YadCuLs-4nmI_30.000_40.000.wav	0.0	10.0	Civil defense siren
YIziTYkSwq9Q_30.000_40.000.wav	3.4583333333333335	10.0	Police car (siren)
YmCJ0aqIygWE_24.000_34.000.wav	0.0	10.0	Car
Y-2sE5CH8Wb8_30.000_40.000.wav	2.625	5.75	Police car (siren)
Y-2sE5CH8Wb8_30.000_40.000.wav	6.541666666666667	10.0	Police car (siren)
YpvYwIdGrS90_30.000_40.000.wav	0.20833333333333334	10.0	Fire engine, fire truck (siren)
YpvYwIdGrS90_30.000_40.000.wav	0.2916666666666667	9.5	Truck
YrhUfN81puDI_0.000_10.000.wav	4.583333333333333	10.0	Fire engine, fire truck (siren)
YXYLheTmlEYI_30.000_40.000.wav	0.08333333333333333	10.0	Civil defense siren
YAvhBRiwWJU4_30.000_40.000.wav	0.0	10.0	Car
Y5oirFKi6Sfo_190.000_200.000.wav	0.0	10.0	Car
YsAMjMyCdGOc_30.000_40.000.wav	3.0833333333333335	10.0	Train
YVAiH1LX8guk_17.000_27.000.wav	0.0	8.041666666666666	Car
YBsvD806qNM8_10.000_20.000.wav	0.0	10.0	Car
YpW5SI1ZKUpA_30.000_40.000.wav	0.5416666666666666	8.041666666666666	Train
YdmJH84FnQa8_30.000_40.000.wav	0.0	10.0	Car
YB3SkK0wuOhY_130.000_140.000.wav	0.0	10.0	Car
YISBJKY8hwnM_30.000_40.000.wav	2.4166666666666665	10.0	Motorcycle
Y1HtGgZnlKjU_30.000_40.000.wav	0.0	10.0	Car
Y4APBvMmKubU_10.000_20.000.wav	0.0	10.0	Police car (siren)
Y-CZ1LIc8aos_20.000_30.000.wav	0.0	10.0	Car
Yj9Z63H5hvrQ_0.000_10.000.wav	1.125	10.0	Train
YX2MlmcY8UZU_30.000_40.000.wav	0.0	10.0	Car
Y32V2zsK7GME_110.000_120.000.wav	0.0	10.0	Car
Yg_DBLppDZAs_30.000_40.000.wav	0.0	10.0	Car
YXqXLI7bDb-I_0.000_7.000.wav	0.0	10.0	Car
YaOoZ0bCoaZw_30.000_40.000.wav	0.0	9.125	Car
YIdqEbjujFb8_30.000_40.000.wav	3.25	10.0	Train
Ykbfkq3TuAe0_470.000_480.000.wav	1.5833333333333333	10.0	Train
YD3BJuOwltoI_10.000_20.000.wav	0.0	10.0	Car
Yctsq33oUBT8_30.000_40.000.wav	0.0	7.75	Car
YiZgzRfa-xPQ_30.000_40.000.wav	1.0416666666666667	10.0	Train horn
YiZgzRfa-xPQ_30.000_40.000.wav	0.75	10.0	Train
YAQCZH4OdNSM_30.000_40.000.wav	0.125	10.0	Police car (siren)
YOHjfSfqa804_0.000_10.000.wav	2.2083333333333335	10.0	Screaming
YarevYmB0qGg_30.000_40.000.wav	1.5833333333333333	10.0	Train horn
YarevYmB0qGg_30.000_40.000.wav	0.5416666666666666	10.0	Train
Y1HayoASR-54_80.000_90.000.wav	0.0	10.0	Car
YmlS9LLiMIG8_30.000_40.000.wav	0.4166666666666667	10.0	Police car (siren)
Y4tKvAMmAUMM_30.000_40.000.wav	0.4166666666666667	7.125	Car
Y4tKvAMmAUMM_30.000_40.000.wav	8.625	10.0	Car
YI7esm6vqqZ4_30.000_40.000.wav	0.0	4.291666666666667	Car
YI7esm6vqqZ4_30.000_40.000.wav	4.958333333333333	10.0	Car
YYs_rO2Ieg1U_30.000_40.000.wav	0.0	10.0	Car
YySqfMcFk5LM_30.000_40.000.wav	0.0	10.0	Car
Y4NZkW-XaIa4_30.000_40.000.wav	0.5833333333333334	10.0	Motorcycle
YMYzVHespZ-E_30.000_40.000.wav	0.0	10.0	Car
YDw1q9rBv7oU_30.000_40.000.wav	0.0	10.0	Car
Y1P5FFxXLSpY_30.000_40.000.wav	0.0	9.875	Car
Y6Y8bKS6KLeE_30.000_40.000.wav	0.9166666666666666	10.0	Reversing beeps
Y6Y8bKS6KLeE_30.000_40.000.wav	0.125	10.0	Truck
Ynuu2iNisoQc_6.000_16.000.wav	0.0	10.0	Civil defense siren
YfLvM4bbpg6w_0.000_10.000.wav	0.0	10.0	Car
YuysTr0SfhLI_10.000_20.000.wav	0.75	10.0	Train
YSyWbolNFst4_60.000_70.000.wav	0.08333333333333333	10.0	Civil defense siren
Ylb1awXgoyQE_0.000_10.000.wav	0.0	10.0	Car
Yj42ETHcp044_0.000_10.000.wav	0.0	10.0	Car
YyO7guxGY-_k_30.000_40.000.wav	0.25	10.0	Civil defense siren
Ywe66pU0MN1M_30.000_40.000.wav	0.0	10.0	Car
Y_43OOP6UEw0_30.000_40.000.wav	0.125	10.0	Skateboard
Y6-yQsEH2WYA_30.000_40.000.wav	0.0	10.0	Car
YgkH_Zxasn8o_40.000_50.000.wav	3.5833333333333335	10.0	Bus
YbIObkrK06rk_15.000_25.000.wav	0.2916666666666667	10.0	Fire engine, fire truck (siren)
YbIObkrK06rk_15.000_25.000.wav	0.6666666666666666	10.0	Truck
YR_Lpb-51Kl4_30.000_40.000.wav	0.5833333333333334	10.0	Train
YSqWkV-UQ6CI_30.000_40.000.wav	0.0	10.0	Car
YCs1d7Ibk8CA_220.000_230.000.wav	0.0	10.0	Car
YOPd0cz1hRqc_30.000_40.000.wav	0.5416666666666666	1.25	Truck
YOPd0cz1hRqc_30.000_40.000.wav	2.5	10.0	Truck
YIigfz_GeXVs_30.000_40.000.wav	2.1666666666666665	10.0	Bicycle
Y4aJfQpHt9lY_160.000_170.000.wav	0.0	10.0	Car
Y0CJFt950vOk_30.000_40.000.wav	0.08333333333333333	10.0	Civil defense siren
YKumYcZVLOVU_350.000_360.000.wav	0.0	10.0	Car
YiKca2cbowd4_30.000_40.000.wav	0.8333333333333334	10.0	Air horn, truck horn
Ym3LGopSVju4_30.000_40.000.wav	0.0	10.0	Civil defense siren
YQAWuHvVCI6g_30.000_40.000.wav	0.0	3.625	Car
YQAWuHvVCI6g_30.000_40.000.wav	4.208333333333333	10.0	Car
YH3vSRzkG82U_30.000_40.000.wav	1.4583333333333333	7.833333333333333	Screaming
YGO2zKyMtBV4_30.000_40.000.wav	0.041666666666666664	10.0	Civil defense siren
YGgV0yYogTPI_30.000_40.000.wav	1.0416666666666667	9.708333333333334	Police car (siren)
YDK_6C29B2zs_14.000_24.000.wav	0.0	10.0	Police car (siren)
YVTwVF3xRSWg_12.000_22.000.wav	0.0	10.0	Car
Y3mDPQ_CPopw_30.000_40.000.wav	0.0	10.0	Car
YOa2Os8eOUjs_30.000_40.000.wav	0.0	10.0	Car
YUxSUGCvpskM_340.000_350.000.wav	0.9583333333333334	10.0	Train
YSxI3Lnzzmkw_110.000_120.000.wav	2.0833333333333335	3.375	Screaming
YSxI3Lnzzmkw_110.000_120.000.wav	4.666666666666667	10.0	Screaming
Y-t-htrAtNvM_30.000_40.000.wav	0.75	10.0	Truck
Y3ZZDuYU2HM4_150.000_160.000.wav	0.9583333333333334	10.0	Bus
YdfsvT5xImNg_80.000_90.000.wav	4.458333333333333	10.0	Screaming
YieZVo7W3BQ4_30.000_40.000.wav	0.0	10.0	Car
YCD7INyI79fM_170.000_180.000.wav	0.8333333333333334	10.0	Car
Y3xh2kScw64U_30.000_40.000.wav	0.08333333333333333	5.791666666666667	Police car (siren)
Y5DW8WjxxCag_30.000_40.000.wav	0.0	10.0	Car
YZlS4vIWQMmE_0.000_10.000.wav	0.5416666666666666	10.0	Fire engine, fire truck (siren)
YZlS4vIWQMmE_0.000_10.000.wav	0.7083333333333334	10.0	Truck
YjOlVJv7jAHg_30.000_40.000.wav	0.0	10.0	Car
YpXX6cK4xtiY_11.000_21.000.wav	0.4166666666666667	10.0	Police car (siren)
Yaa4uhPvKviY_30.000_40.000.wav	0.0	10.0	Car
Y2STASUlGAjs_30.000_40.000.wav	0.0	10.0	Car
Yk8H8rn4NaSM_0.000_10.000.wav	2.8333333333333335	10.0	Train horn
Yk8H8rn4NaSM_0.000_10.000.wav	2.5833333333333335	10.0	Train
Ykr8ssbrDDMY_30.000_40.000.wav	0.2916666666666667	10.0	Fire engine, fire truck (siren)
YcHCIoXF7moA_30.000_40.000.wav	0.0	10.0	Car
YlVW2CqsHJ4Y_30.000_40.000.wav	0.0	10.0	Car
YAw43FUCkIb8_20.000_30.000.wav	0.9583333333333334	10.0	Screaming
YaCX6vJhHO2c_30.000_40.000.wav	0.0	10.0	Car
YQDTbchu0LrU_30.000_40.000.wav	0.0	4.958333333333333	Car
YQDTbchu0LrU_30.000_40.000.wav	6.625	10.0	Car
YBxnLAGsByCI_10.000_20.000.wav	0.0	10.0	Car
YZ8cigemT5_g_210.000_220.000.wav	1.125	4.666666666666667	Police car (siren)
YZ8cigemT5_g_210.000_220.000.wav	8.375	10.0	Police car (siren)
Y16vw4K9qJnY_30.000_40.000.wav	0.5833333333333334	7.041666666666667	Truck
Y16vw4K9qJnY_30.000_40.000.wav	7.833333333333333	10.0	Truck
YACGuC6SH4V4_150.000_160.000.wav	1.5416666666666667	10.0	Bus
YB9n4a5ciI48_16.000_26.000.wav	1.0	10.0	Truck
Y8oEdgb8iXYA_1.000_11.000.wav	0.0	10.0	Car
Y1n_s2Gb5R1Q_30.000_40.000.wav	0.0	7.458333333333333	Car
YWxrKq0aI0iM_130.000_140.000.wav	0.375	7.291666666666667	Skateboard
YATAL-_Dblvg_0.000_7.000.wav	3.5	10.0	Skateboard
YDLxTYAUifjU_30.000_40.000.wav	0.4166666666666667	2.75	Car
YDLxTYAUifjU_30.000_40.000.wav	3.5416666666666665	10.0	Car
YHDEPd5MIaow_30.000_40.000.wav	0.0	8.75	Car
YvHKBrtPDSvA_150.000_160.000.wav	1.4166666666666667	10.0	Bicycle
YaUq4glO5ryE_30.000_40.000.wav	0.7916666666666666	8.666666666666666	Train
YxsT5ZJUnBg0_160.000_170.000.wav	0.0	10.0	Car
Y2Tmi7EqpGZQ_0.000_10.000.wav	0.0	3.2083333333333335	Car
Y2Tmi7EqpGZQ_0.000_10.000.wav	3.875	10.0	Car
YbuOEFwXhoe0_310.000_320.000.wav	0.0	10.0	Car
YZGf0vrZStwI_30.000_40.000.wav	0.0	10.0	Car
Y69AIBPnJN5E_0.000_10.000.wav	1.125	10.0	Civil defense siren
YqC5M7BAsKOA_0.000_10.000.wav	0.0	10.0	Car
Y4_gyCWuPxRg_170.000_180.000.wav	4.791666666666667	10.0	Train
YzM3chsL-B7U_30.000_40.000.wav	0.20833333333333334	10.0	Truck
YGORjnSWhZeY_30.000_40.000.wav	0.125	10.0	Fire engine, fire truck (siren)
Y4MIHbR4QZhE_30.000_40.000.wav	1.375	10.0	Bicycle
YYrGQKTbiG1g_30.000_40.000.wav	0.0	10.0	Car
YKwpn3utYEHM_30.000_40.000.wav	0.0	10.0	Car
YgxVhAVNjSU0_30.000_40.000.wav	0.0	10.0	Car
YR0BtkTm_CPI_30.000_40.000.wav	0.0	10.0	Car
YwHISHmuP58s_80.000_90.000.wav	2.4583333333333335	10.0	Bicycle
Yp70IcMwsW9M_30.000_40.000.wav	0.25	10.0	Truck
Y6_TGlFO0DCk_10.000_20.000.wav	0.7083333333333334	10.0	Train
YPNaLTW50fxM_60.000_70.000.wav	0.0	1.5416666666666667	Car
YPNaLTW50fxM_60.000_70.000.wav	2.2916666666666665	10.0	Car
YVZfrDZhI7BU_30.000_40.000.wav	0.125	10.0	Skateboard
Ym1e9aOwRiDQ_0.000_9.000.wav	3.4583333333333335	9.291666666666666	Screaming
YSEHxfje9Eio_30.000_40.000.wav	0.0	10.0	Car
YhYqzr_rIIAw_30.000_40.000.wav	1.1666666666666667	4.291666666666667	Car
YhYqzr_rIIAw_30.000_40.000.wav	4.916666666666667	10.0	Car
Yu3vBJgEVJvk_0.000_10.000.wav	1.9583333333333333	10.0	Skateboard
YPSt0xAYgf4g_0.000_10.000.wav	0.6666666666666666	10.0	Truck
YuUiZrgUpw2A_30.000_40.000.wav	0.08333333333333333	10.0	Fire engine, fire truck (siren)
YuUiZrgUpw2A_30.000_40.000.wav	0.16666666666666666	10.0	Truck
YmCmjh_EJtb4_30.000_40.000.wav	1.8333333333333333	5.791666666666667	Bus
YmCmjh_EJtb4_30.000_40.000.wav	6.583333333333333	10.0	Bus
YLhRNnXaSsCk_30.000_40.000.wav	0.0	10.0	Car
YB6n0op0sLPA_30.000_40.000.wav	1.6666666666666667	8.458333333333334	Skateboard
YXAUtk9lwzU8_30.000_40.000.wav	3.8333333333333335	10.0	Train
YWvquSD2PcCE_30.000_40.000.wav	0.0	10.0	Car
Y73cuZZq-J3w_20.000_30.000.wav	0.0	10.0	Car
Y2IsAlhq0XFc_30.000_40.000.wav	0.0	10.0	Car
YFo_FDiZhzDo_30.000_40.000.wav	0.0	10.0	Car
Y3-a8i_MEUl8_30.000_40.000.wav	0.125	10.0	Skateboard
YlmTHvLGQy3g_50.000_60.000.wav	0.5	10.0	Skateboard
Y9ZYj5toEbGA_0.000_10.000.wav	0.0	10.0	Car
Y5kQF4r03yRI_0.000_6.000.wav	3.6666666666666665	10.0	Screaming
Y-WoudI3gGvk_30.000_40.000.wav	0.0	10.0	Car
YNyi9_-u6-w0_30.000_40.000.wav	1.4166666666666667	10.0	Bus
Y40s88hEcn5I_170.000_180.000.wav	0.0	10.0	Car
Y4l4vGrMD4Tw_550.000_560.000.wav	0.0	3.75	Car
Y4l4vGrMD4Tw_550.000_560.000.wav	6.083333333333333	10.0	Car
YCwur_jvxMzY_360.000_370.000.wav	0.0	10.0	Car
Y-oSzD8P2BtU_30.000_40.000.wav	1.2916666666666667	10.0	Reversing beeps
Y-oSzD8P2BtU_30.000_40.000.wav	0.4166666666666667	10.0	Truck
YCJXNdudcJrs_30.000_40.000.wav	0.0	10.0	Civil defense siren
YCDrpqsGqfPo_10.000_20.000.wav	0.20833333333333334	10.0	Fire engine, fire truck (siren)
Y3LulQoOXNB0_30.000_40.000.wav	0.0	10.0	Motorcycle
YuUyB4q7jgn4_30.000_40.000.wav	0.0	2.3333333333333335	Car
YuUyB4q7jgn4_30.000_40.000.wav	4.208333333333333	9.833333333333334	Car
Y9NT6gEiqpWA_30.000_40.000.wav	0.0	10.0	Car
YAdpNSGX2_Pk_10.000_20.000.wav	0.0	0.5	Car
YAdpNSGX2_Pk_10.000_20.000.wav	1.6666666666666667	10.0	Car
YxfNeZaw4o3U_17.000_27.000.wav	0.0	4.041666666666667	Car
YxfNeZaw4o3U_17.000_27.000.wav	4.833333333333333	10.0	Car
YJJo971B_eDg_30.000_40.000.wav	0.25	10.0	Skateboard
Y_8MvhMlbwiE_40.000_50.000.wav	3.4583333333333335	10.0	Train horn
Y_8MvhMlbwiE_40.000_50.000.wav	3.375	10.0	Train
YWFdpQCtpBB4_30.000_40.000.wav	1.8333333333333333	10.0	Train
YysNK5RVF3Zw_0.000_10.000.wav	0.0	9.958333333333334	Police car (siren)
Y2Jpg_KvJWL0_30.000_40.000.wav	0.2916666666666667	10.0	Truck
YCc7-P0py1Mc_30.000_40.000.wav	0.16666666666666666	10.0	Fire engine, fire truck (siren)
YCc7-P0py1Mc_30.000_40.000.wav	0.375	10.0	Truck
YMWTTe0M9vi4_30.000_40.000.wav	0.0	10.0	Car
YhaiMRJEH-Aw_0.000_9.000.wav	0.0	10.0	Car
YmX45CiTjf8I_30.000_40.000.wav	1.1666666666666667	10.0	Motorcycle
YoiLHBkHgkAo_0.000_8.000.wav	2.4583333333333335	10.0	Bicycle
Y4WRgvRI06zc_30.000_40.000.wav	0.0	10.0	Car
YXnd8ERrynEo_120.000_130.000.wav	1.9166666666666667	10.0	Car
YCZB6WXDuM1g_30.000_40.000.wav	5.708333333333333	10.0	Police car (siren)
Y7Gua0-UrKIw_30.000_40.000.wav	0.7916666666666666	9.875	Truck
YcbYZQRz09bc_390.000_400.000.wav	0.0	10.0	Car
YGTk_6JDmtCY_230.000_240.000.wav	2.375	10.0	Car
Y9CRb-PToaAM_30.000_40.000.wav	0.20833333333333334	5.875	Police car (siren)
Y9CRb-PToaAM_30.000_40.000.wav	7.166666666666667	10.0	Police car (siren)
YgV6y9L24wWg_0.000_10.000.wav	1.375	10.0	Skateboard
Y11Pn3yJifSQ_4.000_14.000.wav	0.0	10.0	Car
YDRqKOlP8BmU_110.000_120.000.wav	1.375	10.0	Bus
YQcLfJE-YfJY_30.000_40.000.wav	0.0	10.0	Car
YkzFyGWdj6MI_30.000_40.000.wav	0.0	10.0	Civil defense siren
YUFIBEBkm7ao_30.000_40.000.wav	0.0	10.0	Car
YvVqUvv1SSu8_30.000_40.000.wav	0.08333333333333333	10.0	Fire engine, fire truck (siren)
YvVqUvv1SSu8_30.000_40.000.wav	0.16666666666666666	10.0	Truck
YiEX8L_oEbsU_30.000_40.000.wav	0.20833333333333334	10.0	Fire engine, fire truck (siren)
Y1jhbNtCWC9w_50.000_60.000.wav	0.8333333333333334	10.0	Civil defense siren
Y_jfv_ziZWII_60.000_70.000.wav	0.0	7.125	Car
Y_jfv_ziZWII_60.000_70.000.wav	8.208333333333334	10.0	Car
YgGmWm1i6pVo_30.000_40.000.wav	0.0	10.0	Car
YAedlWfHafgw_21.000_31.000.wav	1.7083333333333333	10.0	Car
Y-3z5mFRgbxc_30.000_40.000.wav	0.0	10.0	Car
Y7ARVgI_wx5Y_30.000_40.000.wav	1.1666666666666667	10.0	Screaming
YhHb0Eq1I7Fk_0.000_10.000.wav	1.7083333333333333	10.0	Skateboard
YyfSBqp5IZSM_10.000_20.000.wav	1.2916666666666667	10.0	Bicycle
YIsuh9pOuH6I_300.000_310.000.wav	0.25	10.0	Train
YKXkxqxoCylc_30.000_40.000.wav	0.8333333333333334	10.0	Skateboard
YePVb5Upev8k_40.000_50.000.wav	0.7916666666666666	8.916666666666666	Air horn, truck horn
YBAekfGvUtFM_30.000_40.000.wav	0.0	10.0	Car
Y21QlKF17ipc_30.000_40.000.wav	0.0	10.0	Car
YcHm1cYBAXMI_30.000_40.000.wav	0.4166666666666667	6.458333333333333	Police car (siren)
YcHm1cYBAXMI_30.000_40.000.wav	2.0833333333333335	10.0	Car
YeV5JX81GzqA_150.000_160.000.wav	0.0	10.0	Car
YrGUrM19BnJ8_110.000_120.000.wav	0.08333333333333333	10.0	Civil defense siren
YiMp8nODaotA_580.000_590.000.wav	0.7916666666666666	5.833333333333333	Car
YiMp8nODaotA_580.000_590.000.wav	6.541666666666667	9.083333333333334	Car
YR8G5Y0HASxY_60.000_70.000.wav	0.8333333333333334	10.0	Ambulance (siren)
YDpagxUQwXDo_30.000_40.000.wav	0.3333333333333333	10.0	Fire engine, fire truck (siren)
YTcq_xAdCMr4_30.000_40.000.wav	2.7083333333333335	10.0	Bicycle
YhsC_sT0A4XM_30.000_40.000.wav	2.2916666666666665	10.0	Car
YwM9wNgY8d4g_150.000_160.000.wav	0.75	10.0	Train horn
YwM9wNgY8d4g_150.000_160.000.wav	0.375	10.0	Train
YxXGIKM4daMU_30.000_40.000.wav	0.0	5.291666666666667	Car
YxXGIKM4daMU_30.000_40.000.wav	5.958333333333333	10.0	Car
Yk0vRZm7ZnQk_280.000_290.000.wav	1.625	10.0	Train
YD4_zTwsCRds_60.000_70.000.wav	0.5416666666666666	10.0	Motorcycle
Y0K1mroXg8bs_9.000_19.000.wav	0.0	10.0	Police car (siren)
Ys5s3aR8Z7I8_350.000_360.000.wav	0.0	10.0	Car
YCL5vkiMs2c0_10.000_20.000.wav	1.125	10.0	Truck
Y4DlKNmVcoek_20.000_30.000.wav	2.25	8.291666666666666	Motorcycle
YR0VxYDfjyAU_60.000_70.000.wav	0.0	10.0	Car
YN3osL4QmOL8_49.000_59.000.wav	0.125	10.0	Air horn, truck horn
Ypo-tnKZAzdg_40.000_50.000.wav	2.75	10.0	Truck
Ygr-Yen6Sj_Q_0.000_10.000.wav	0.041666666666666664	10.0	Civil defense siren
YdThSTe35jb0_50.000_60.000.wav	0.0	10.0	Car
YZY6A9ZDkudg_130.000_140.000.wav	0.0	5.666666666666667	Car
YZY6A9ZDkudg_130.000_140.000.wav	6.666666666666667	10.0	Car
YvW1nk4o9u5g_30.000_40.000.wav	2.2916666666666665	9.583333333333334	Bus
YhDVNQOJCvOk_30.000_40.000.wav	0.0	10.0	Car
YIiCh2H3JtsE_30.000_40.000.wav	0.3333333333333333	10.0	Police car (siren)
YNkqx09b-xyI_70.000_80.000.wav	0.0	9.208333333333334	Car
Y4hd2CLrzCZs_30.000_40.000.wav	0.0	0.625	Car
Y4hd2CLrzCZs_30.000_40.000.wav	3.5416666666666665	10.0	Car
YdFqOBLxhEl8_20.000_30.000.wav	0.0	10.0	Car
YFQZnQhiM41U_0.000_6.000.wav	1.2916666666666667	10.0	Skateboard
YkJuvA2zmrnY_30.000_40.000.wav	0.2916666666666667	10.0	Fire engine, fire truck (siren)
YkJuvA2zmrnY_30.000_40.000.wav	0.375	10.0	Truck
YYV0noe1sZAs_150.000_160.000.wav	0.16666666666666666	5.833333333333333	Skateboard
YL60HS_jbZu0_30.000_40.000.wav	0.041666666666666664	10.0	Civil defense siren
YrSrBDAgLUoI_460.000_470.000.wav	1.2916666666666667	2.7083333333333335	Train
YrSrBDAgLUoI_460.000_470.000.wav	4.166666666666667	10.0	Train
YBTNz6NftP34_30.000_40.000.wav	0.0	10.0	Car
YSDl0tWf9Q44_30.000_40.000.wav	1.75	9.166666666666666	Police car (siren)
YiM-U56fTTOQ_30.000_40.000.wav	0.25	10.0	Fire engine, fire truck (siren)
YiM-U56fTTOQ_30.000_40.000.wav	0.375	10.0	Truck
YCMWoAvgD0A0_9.000_19.000.wav	0.5833333333333334	6.25	Screaming
YMb-GyQEKoEc_30.000_40.000.wav	0.0	10.0	Car
YHPWRKwrs-rY_370.000_380.000.wav	0.2916666666666667	10.0	Skateboard
YWdubBeFntYQ_460.000_470.000.wav	0.0	10.0	Car
YoxJYMzEmtk4_10.000_20.000.wav	0.0	10.0	Car
YxgiJqbhhU3c_30.000_40.000.wav	1.9583333333333333	10.0	Bicycle
Y9QwaP-cvdeU_360.000_370.000.wav	0.16666666666666666	10.0	Skateboard
YxMClk12ouB8_30.000_40.000.wav	1.25	10.0	Bus
Yy_lfY0uzmr0_30.000_40.000.wav	0.75	10.0	Skateboard
YGeRgy4of730_30.000_40.000.wav	0.0	10.0	Civil defense siren
YFKJuDOAumSk_20.000_30.000.wav	0.0	2.8333333333333335	Car
YFKJuDOAumSk_20.000_30.000.wav	3.9166666666666665	10.0	Car
YFEGa4e6RAlw_30.000_40.000.wav	0.0	10.0	Car
YX60eVxecY3I_30.000_40.000.wav	0.0	9.208333333333334	Car
Y7NH1WJlSiYI_30.000_40.000.wav	0.0	0.7916666666666666	Car
Y7NH1WJlSiYI_30.000_40.000.wav	1.8333333333333333	10.0	Car
YM8BFtmQRHq4_200.000_210.000.wav	0.0	10.0	Car
Ya2U10_mi5as_30.000_40.000.wav	0.0	10.0	Car
YNKPAwhwZmqs_30.000_40.000.wav	0.0	10.0	Car
Y8k17D6qiuqI_30.000_40.000.wav	0.0	10.0	Car
Yd-m8eXCpeDg_30.000_40.000.wav	2.2083333333333335	4.875	Motorcycle
Yd-m8eXCpeDg_30.000_40.000.wav	5.708333333333333	10.0	Motorcycle
Y45vBbOhzS6g_50.000_60.000.wav	2.4583333333333335	10.0	Screaming
YX5Xs8Y1cJK0_30.000_40.000.wav	0.0	10.0	Motorcycle
YzCuKYr_oMlE_60.000_70.000.wav	0.0	10.0	Car
YtAfucDIyRiM_30.000_40.000.wav	0.0	10.0	Car
Y4MRzQbAIyV4_90.000_100.000.wav	0.0	2.5833333333333335	Car
Y4MRzQbAIyV4_90.000_100.000.wav	3.375	10.0	Car
YZltlj0fDeS4_30.000_40.000.wav	3.125	10.0	Car
YHS28EUWt8dE_110.000_120.000.wav	2.75	10.0	Screaming
YdC1TVxwiitc_30.000_40.000.wav	0.0	10.0	Car
YVx6mttDHWfo_30.000_40.000.wav	0.0	10.0	Car
Ylj7hzmz19-M_30.000_40.000.wav	0.0	10.0	Motorcycle
YeIMjkADTWzA_60.000_70.000.wav	3.0833333333333335	10.0	Police car (siren)
YTYLZuBBu8ms_0.000_10.000.wav	0.875	10.0	Civil defense siren
Yd6AioJ8CkTc_30.000_40.000.wav	0.0	10.0	Car
Y2oHGIzH_XzA_30.000_40.000.wav	0.0	6.375	Car
Y2oHGIzH_XzA_30.000_40.000.wav	7.791666666666667	10.0	Car
Y3_OLj6XChvM_30.000_40.000.wav	0.0	10.0	Car
Y2nejPPEWqJ8_320.000_330.000.wav	2.8333333333333335	8.208333333333334	Motorcycle
YleOH87itNWM_30.000_40.000.wav	0.0	10.0	Car
Y8m-a_6wLTkU_230.000_240.000.wav	0.4583333333333333	5.041666666666667	Bicycle
Y8m-a_6wLTkU_230.000_240.000.wav	5.666666666666667	8.208333333333334	Bicycle
Y8m-a_6wLTkU_230.000_240.000.wav	9.083333333333334	10.0	Bicycle
YqL0ESQcaPhM_30.000_40.000.wav	1.0833333333333333	8.875	Bicycle
YbDFQWubN4x4_30.000_40.000.wav	0.125	5.625	Motorcycle
Y8IaInXpdd9M_0.000_10.000.wav	3.9166666666666665	10.0	Civil defense siren
YHQ8eR2lvjSE_30.000_40.000.wav	0.0	2.4583333333333335	Car
YHQ8eR2lvjSE_30.000_40.000.wav	3.8333333333333335	10.0	Car
Y-JMT0mK0Dbg_30.000_40.000.wav	0.7916666666666666	10.0	Car
Yii87iO6JboA_10.000_20.000.wav	1.625	10.0	Bicycle
YGteozUDpJRc_30.000_40.000.wav	0.0	10.0	Car
Y5fLzQegwHUg_30.000_40.000.wav	1.7083333333333333	10.0	Bus
Yji_YCMygNHQ_8.000_18.000.wav	0.9166666666666666	3.8333333333333335	Bus
Yji_YCMygNHQ_8.000_18.000.wav	5.166666666666667	10.0	Bus
YlGFDQ-ZwUfk_30.000_40.000.wav	0.6666666666666666	4.958333333333333	Bicycle
YlGFDQ-ZwUfk_30.000_40.000.wav	5.708333333333333	10.0	Bicycle
YBqx_SZgCzZw_10.000_20.000.wav	0.0	10.0	Car
Ycs-RPPsg_ks_30.000_40.000.wav	0.16666666666666666	10.0	Truck
YbhtB2Zgh9Q8_110.000_120.000.wav	0.375	10.0	Motorcycle
YHQQxGJKg1iM_30.000_40.000.wav	0.75	10.0	Fire engine, fire truck (siren)
YPP741kd2vRM_30.000_40.000.wav	1.0833333333333333	10.0	Bus
Y10YXuv9Go0E_140.000_150.000.wav	4.25	10.0	Skateboard
YJgXnbgS_XBk_480.000_490.000.wav	0.0	10.0	Car
Yzz35Va7tYmA_30.000_40.000.wav	0.0	10.0	Car
YcW859JAzVZ0_30.000_40.000.wav	0.0	10.0	Car
YQWVub6-0jX4_30.000_40.000.wav	5.333333333333333	10.0	Police car (siren)
Y9OFUd38sBNM_0.000_8.000.wav	0.0	10.0	Police car (siren)
YaBHdl_TiseI_30.000_40.000.wav	0.0	10.0	Car
YDZfYFhywhRs_30.000_40.000.wav	3.5416666666666665	10.0	Screaming
YtxXSE7kgrc8_30.000_40.000.wav	0.5	10.0	Car
YAwJ8orGuOXg_2.000_12.000.wav	0.0	10.0	Car
YXW8pSKLyr0o_20.000_30.000.wav	0.2916666666666667	10.0	Train horn
YXW8pSKLyr0o_20.000_30.000.wav	0.125	10.0	Train
YuTu0a1wd9-M_21.000_31.000.wav	0.0	10.0	Car
YExqedxdXuBc_70.000_80.000.wav	0.0	10.0	Car
YKKx7dWRg8s8_8.000_18.000.wav	0.0	0.5416666666666666	Car
YKKx7dWRg8s8_8.000_18.000.wav	1.3333333333333333	8.291666666666666	Car
Y-BaVEk1zS2g_50.000_60.000.wav	0.0	10.0	Car
Y10aF24rMeu0_30.000_40.000.wav	0.0	8.458333333333334	Car
YhN1ykzC8kZM_30.000_40.000.wav	0.0	10.0	Car
YMMfiWJVftMA_60.000_70.000.wav	3.875	10.0	Train
Yer1vQ-nse_g_30.000_40.000.wav	0.0	10.0	Car
Y9l9QXgsJSfo_120.000_130.000.wav	1.0	10.0	Air horn, truck horn
YWLX3Db60418_20.000_30.000.wav	0.08333333333333333	10.0	Motorcycle
YKf9Kr69mwOA_14.000_24.000.wav	1.2916666666666667	7.791666666666667	Car alarm
YDkVfro9iq80_30.000_40.000.wav	0.0	10.0	Car
YgE-0JxMtUh0_20.000_30.000.wav	2.125	10.0	Screaming
YsyCQldBsAtg_30.000_40.000.wav	0.0	10.0	Car
Yoogrnx-_LBA_60.000_70.000.wav	0.0	10.0	Car
Y84fDGWoRtsU_210.000_220.000.wav	0.4583333333333333	10.0	Skateboard
Ym5HeCy87QYY_380.000_390.000.wav	4.541666666666667	10.0	Skateboard
YhH_M56EnnDk_30.000_40.000.wav	2.4583333333333335	10.0	Bus
YnDtrUUc2J2U_0.000_10.000.wav	1.9166666666666667	10.0	Motorcycle
Y2HZcxlRs-hg_30.000_40.000.wav	0.0	10.0	Car
YVulCKZgWspc_570.000_580.000.wav	0.0	10.0	Car
Yne4IMxs-hMk_30.000_40.000.wav	0.041666666666666664	10.0	Civil defense siren
YL535vIV3ED4_40.000_50.000.wav	0.0	10.0	Car
YakgqVmFFDiY_30.000_40.000.wav	0.0	10.0	Car
YnjodYtK0Hqg_30.000_40.000.wav	0.0	10.0	Car
YfWVfi9pAh_4_10.000_20.000.wav	0.3333333333333333	7.416666666666667	Truck
YE3XIdP8kxwg_110.000_120.000.wav	2.2083333333333335	10.0	Skateboard
Y27m49pmJ8Og_370.000_380.000.wav	0.0	10.0	Car
YElJFYwRtrH4_30.000_40.000.wav	0.9166666666666666	10.0	Screaming
Y0YIyGEM0yG0_550.000_560.000.wav	0.0	9.583333333333334	Car
YOwg_XU9XmRM_30.000_40.000.wav	0.0	10.0	Car
YoPR7tUEUptk_30.000_40.000.wav	0.375	10.0	Fire engine, fire truck (siren)
YoPR7tUEUptk_30.000_40.000.wav	0.4583333333333333	10.0	Truck
Y0G50t4FlbIA_60.000_70.000.wav	1.2083333333333333	10.0	Car
YQ1CMSV81_ws_30.000_40.000.wav	1.375	4.125	Bus
YQ1CMSV81_ws_30.000_40.000.wav	4.958333333333333	10.0	Bus
YIf-V0XO-mpo_30.000_40.000.wav	0.0	4.5	Car
YIf-V0XO-mpo_30.000_40.000.wav	5.083333333333333	10.0	Car
Y9MWHXCLAX8I_30.000_40.000.wav	0.08333333333333333	10.0	Civil defense siren
Y0DzsPL-xElE_20.000_30.000.wav	0.0	10.0	Car
YyrscqyUOIlI_30.000_40.000.wav	0.0	8.958333333333334	Car
Ya59ivTlYoNk_310.000_320.000.wav	4.041666666666667	10.0	Screaming
YjbW2ew8VMfU_50.000_60.000.wav	2.8333333333333335	10.0	Train
YXggsbzzes3M_30.000_40.000.wav	1.9166666666666667	10.0	Train
YH6c8ZDrdUaM_30.000_40.000.wav	1.9583333333333333	10.0	Civil defense siren
Y-WgJ-M292Yc_30.000_40.000.wav	0.0	10.0	Car
YMxn2FKuNwiI_20.000_30.000.wav	0.0	10.0	Car
YYt4ZWNjvJOY_50.000_60.000.wav	1.625	8.541666666666666	Bicycle
YrLUIHCc4b9A_0.000_7.000.wav	3.8333333333333335	10.0	Skateboard
Ydfwr8wgZU8M_40.000_50.000.wav	0.0	10.0	Car
YBQpa8whzwAE_30.000_40.000.wav	4.25	10.0	Train horn
YBQpa8whzwAE_30.000_40.000.wav	4.291666666666667	10.0	Train
Y0bg1nzEVdgY_0.000_10.000.wav	2.125	10.0	Motorcycle
Y4zCHl7pRsNY_30.000_40.000.wav	0.375	10.0	Truck
Ybi8R9JbF2cc_80.000_90.000.wav	2.0833333333333335	10.0	Screaming
YpbOZLMrJy0A_0.000_10.000.wav	0.0	10.0	Car
YwjfMWiYLDWA_30.000_40.000.wav	0.0	9.833333333333334	Car
YDWXQ_cSUW98_30.000_40.000.wav	1.3333333333333333	10.0	Ambulance (siren)
YDWXQ_cSUW98_30.000_40.000.wav	1.2916666666666667	10.0	Police car (siren)
Yu9aHjYGbl5o_30.000_40.000.wav	0.4166666666666667	7.5	Fire engine, fire truck (siren)
Yu9aHjYGbl5o_30.000_40.000.wav	8.458333333333334	10.0	Fire engine, fire truck (siren)
YKy9Kw-0XwAs_30.000_40.000.wav	0.8333333333333334	9.208333333333334	Motorcycle
YPJUy17bXlhc_40.000_50.000.wav	1.25	10.0	Train horn
YPJUy17bXlhc_40.000_50.000.wav	1.0	2.5416666666666665	Train
YPJUy17bXlhc_40.000_50.000.wav	3.5	10.0	Train
YyBVxtq9k8Sg_0.000_10.000.wav	4.541666666666667	10.0	Civil defense siren
YmbLiZ_jpgeY_20.000_30.000.wav	0.0	10.0	Car
YA9KMqwqLboE_30.000_40.000.wav	0.0	6.958333333333333	Car
YvF2zXcbADUk_20.000_30.000.wav	2.2083333333333335	10.0	Bicycle
YjCeUZwd8b2w_0.000_10.000.wav	0.0	1.4166666666666667	Car
YjCeUZwd8b2w_0.000_10.000.wav	3.0833333333333335	10.0	Car
Yb7m5Kt5U7Vc_30.000_40.000.wav	0.375	10.0	Truck
YcR79KnWpiQA_70.000_80.000.wav	0.0	10.0	Police car (siren)
YBWoL8oKoTFI_30.000_40.000.wav	0.0	10.0	Car
YwPfv8ifzzyg_30.000_40.000.wav	0.0	10.0	Car
Y0QwxnzHf_0E_30.000_40.000.wav	0.0	10.0	Car
YLLkNFGrrgUo_30.000_40.000.wav	0.0	10.0	Car
Y4Tpy1lsfcSM_30.000_40.000.wav	3.1666666666666665	10.0	Truck
Yd3gMwtMK6Gs_30.000_40.000.wav	0.0	10.0	Car
Yee-0JGvEIng_30.000_40.000.wav	0.0	10.0	Car
YxwqIKDz1bT4_30.000_40.000.wav	0.875	4.541666666666667	Bicycle
YxwqIKDz1bT4_30.000_40.000.wav	6.25	8.625	Bicycle
Y8rzhhvS0tGc_30.000_40.000.wav	0.0	10.0	Car
YCN0Bi4MDpA4_20.000_30.000.wav	3.0833333333333335	10.0	Fire engine, fire truck (siren)
YCN0Bi4MDpA4_20.000_30.000.wav	0.2916666666666667	10.0	Truck
YDXlTakKvLzg_30.000_40.000.wav	0.0	8.416666666666666	Car
YCk5ZjBf1nLM_30.000_40.000.wav	0.0	10.0	Car
YuvuVg9Cl0n0_30.000_40.000.wav	0.125	4.083333333333333	Police car (siren)
YuvuVg9Cl0n0_30.000_40.000.wav	8.125	10.0	Police car (siren)
YihQDd1CqFBw_70.000_80.000.wav	0.0	10.0	Car
Yj7OEpDiK3IA_30.000_40.000.wav	0.0	10.0	Car
YucICmff0K-Q_30.000_40.000.wav	0.0	10.0	Car
Y5V0xKS-FGMk_30.000_40.000.wav	0.4166666666666667	10.0	Truck
YgB1ytjgpcW4_190.000_200.000.wav	0.8333333333333334	7.0	Skateboard
YbIU0X1v4SF0_30.000_40.000.wav	0.125	10.0	Fire engine, fire truck (siren)
Y5fjy_2ajEkg_30.000_40.000.wav	0.5416666666666666	10.0	Fire engine, fire truck (siren)
Y-HxRz4w60-Y_150.000_160.000.wav	0.75	10.0	Ambulance (siren)
Ym4DS9-5Gkds_30.000_40.000.wav	0.5416666666666666	10.0	Train
YlqGtL8sUo_g_30.000_40.000.wav	0.625	8.5	Civil defense siren
YhWiGgsuGnzs_100.000_110.000.wav	4.875	10.0	Screaming
YCCX_4cW_SAU_0.000_10.000.wav	0.0	10.0	Car
YWxChkRrVOIs_0.000_7.000.wav	0.3333333333333333	7.541666666666667	Skateboard
Y_ZiJA6phEq8_30.000_40.000.wav	0.6666666666666666	2.2916666666666665	Truck
Y_ZiJA6phEq8_30.000_40.000.wav	4.25	10.0	Truck
YYyxlD_FwZXM_30.000_40.000.wav	1.2083333333333333	7.458333333333333	Civil defense siren
YuFSkczD2i14_30.000_40.000.wav	0.0	3.75	Car
YuFSkczD2i14_30.000_40.000.wav	4.458333333333333	10.0	Car
YAFhll08KM98_30.000_40.000.wav	0.0	7.208333333333333	Car
YAFhll08KM98_30.000_40.000.wav	8.5	10.0	Car
YnlYlNF30bVg_30.000_40.000.wav	0.5833333333333334	10.0	Screaming
YToU1kRagUjY_0.000_10.000.wav	4.541666666666667	10.0	Police car (siren)
Y0mQcGLpc8to_30.000_40.000.wav	1.3333333333333333	10.0	Truck
Y6yyToq9cW9A_60.000_70.000.wav	1.125	10.0	Bus
YckSYn557ZyE_20.000_30.000.wav	0.875	3.125	Train horn
YckSYn557ZyE_20.000_30.000.wav	3.875	10.0	Train horn
YckSYn557ZyE_20.000_30.000.wav	0.6666666666666666	10.0	Train
Y-PVEno65928_30.000_40.000.wav	0.0	10.0	Car
Ygw9pYEG2Zb0_20.000_30.000.wav	0.0	8.333333333333334	Police car (siren)
Ygw9pYEG2Zb0_20.000_30.000.wav	9.041666666666666	10.0	Police car (siren)
YcdrjKqyDrak_420.000_430.000.wav	0.9166666666666666	10.0	Train horn
YcdrjKqyDrak_420.000_430.000.wav	0.6666666666666666	10.0	Train
Y5vmxFp1r1ZM_30.000_40.000.wav	0.0	10.0	Car
YYJdBwuIn4Ec_30.000_40.000.wav	0.0	10.0	Car
Y8Aq2DyLbUBA_30.000_40.000.wav	1.375	10.0	Fire engine, fire truck (siren)
Y8Aq2DyLbUBA_30.000_40.000.wav	0.25	10.0	Truck
YWDn851XbWTk_30.000_40.000.wav	1.75	10.0	Bus
YMEUcv-QM0cQ_30.000_40.000.wav	1.2916666666666667	10.0	Police car (siren)
YamKDjVcs1Vg_30.000_40.000.wav	0.6666666666666666	7.166666666666667	Skateboard
YBGp9-Ro5h8Y_30.000_40.000.wav	0.08333333333333333	10.0	Civil defense siren
YJcO2TTtiplA_30.000_40.000.wav	0.5416666666666666	10.0	Train
YXKvLkIM8dck_40.000_50.000.wav	0.6666666666666666	10.0	Air horn, truck horn
Y0_gci63CtFY_30.000_40.000.wav	0.20833333333333334	10.0	Fire engine, fire truck (siren)
Y7gkjn-LLInI_30.000_40.000.wav	0.9583333333333334	10.0	Bicycle
YFEoMTMxzn3U_30.000_40.000.wav	0.2916666666666667	7.625	Truck
YH8d1mZOqb1c_110.000_120.000.wav	0.0	10.0	Car
YqrCWPsqG9vA_30.000_40.000.wav	0.2916666666666667	8.958333333333334	Truck
Y01WuUBxFBp4_30.000_40.000.wav	0.0	1.5833333333333333	Car
Y01WuUBxFBp4_30.000_40.000.wav	2.5	10.0	Car
YIIypdzgZAaI_30.000_40.000.wav	0.0	10.0	Civil defense siren
YnoymXcxyxis_30.000_40.000.wav	0.0	10.0	Car
YwUY4eWJt17w_30.000_40.000.wav	0.0	10.0	Car
YAxM2BofYfPY_30.000_40.000.wav	0.0	10.0	Car
YqsHc2X1toLs_30.000_40.000.wav	0.5416666666666666	10.0	Police car (siren)
YJqHJ7015aWM_30.000_40.000.wav	0.0	10.0	Civil defense siren
YKrTocA-I550_190.000_200.000.wav	0.125	10.0	Civil defense siren
YxabrKa79prM_30.000_40.000.wav	4.25	10.0	Train horn
YxabrKa79prM_30.000_40.000.wav	1.9166666666666667	10.0	Train
YZ34SD-OEpJI_10.000_20.000.wav	0.16666666666666666	7.875	Motorcycle
Y8DaEd5KbnnA_80.000_90.000.wav	1.0833333333333333	9.875	Police car (siren)
YYY9aConw2QE_0.000_10.000.wav	0.0	8.166666666666666	Car
YYY9aConw2QE_0.000_10.000.wav	9.083333333333334	10.0	Car
YdSfcznv4KLo_30.000_40.000.wav	0.0	10.0	Car
YqadmKrM0ppo_20.000_30.000.wav	2.0416666666666665	10.0	Skateboard
YIYaEZkAO0LU_30.000_40.000.wav	0.0	10.0	Car
YdDTvjXXFkDg_30.000_40.000.wav	1.5	10.0	Car
YxBKrmKdjAIA_0.000_10.000.wav	0.5833333333333334	6.708333333333333	Bicycle
YxBKrmKdjAIA_0.000_10.000.wav	7.458333333333333	10.0	Bicycle
YwD0P-doqkXo_20.000_30.000.wav	0.375	9.625	Fire engine, fire truck (siren)
YDvMFQ64YwcI_30.000_40.000.wav	0.4166666666666667	10.0	Truck
YLEtkHiZZugk_30.000_40.000.wav	0.0	10.0	Car
Y4ep09nZl3LA_30.000_40.000.wav	3.125	10.0	Bus
Y4XAVaSz_P7c_150.000_160.000.wav	0.16666666666666666	10.0	Civil defense siren
Y_dkeW6lqmq4_30.000_40.000.wav	1.4166666666666667	10.0	Train horn
Y_dkeW6lqmq4_30.000_40.000.wav	1.0833333333333333	10.0	Train
YOBwh-KGukE8_30.000_40.000.wav	0.0	10.0	Car
YHu8lxbHYaqg_40.000_50.000.wav	1.7083333333333333	10.0	Bicycle
Y53oq_Otm_XI_30.000_40.000.wav	0.5416666666666666	7.916666666666667	Train
Yu08iA12iAmM_30.000_40.000.wav	5.25	10.0	Police car (siren)
Yr0Oll28wmXs_30.000_40.000.wav	0.2916666666666667	8.958333333333334	Motorcycle
YMfkif49LLc4_30.000_40.000.wav	0.4166666666666667	10.0	Car
YM7NvD1WJQ7o_70.000_80.000.wav	0.0	10.0	Car
Ya9B_HA3y8WQ_30.000_40.000.wav	5.083333333333333	10.0	Fire engine, fire truck (siren)
Y1hIg-Lsvc7Q_30.000_40.000.wav	0.0	10.0	Car
Ygc6VlixMHXE_30.000_40.000.wav	0.0	10.0	Car
Y2-h8MRSRvEg_30.000_40.000.wav	3.875	10.0	Police car (siren)
Y2-h8MRSRvEg_30.000_40.000.wav	0.0	4.791666666666667	Car
Y2-h8MRSRvEg_30.000_40.000.wav	5.875	10.0	Car
Ys3-i5eUpe6c_30.000_40.000.wav	0.0	10.0	Car
Ye9xPBfEJni8_230.000_240.000.wav	0.0	10.0	Car
YFgN9v1jYqjA_30.000_40.000.wav	0.0	10.0	Car
YAlsDSDTiaWI_30.000_40.000.wav	0.0	10.0	Car
YEWbZq5ruCpg_0.000_10.000.wav	0.0	10.0	Car
YMczH_PWBNeI_360.000_370.000.wav	1.25	10.0	Train
YfZMPDCNyQxE_30.000_40.000.wav	0.75	10.0	Car
YfdDTuo_COG8_90.000_100.000.wav	0.0	10.0	Car
YQBMDnMRwQCc_70.000_80.000.wav	1.125	10.0	Bicycle
YGjsxrMRRdfQ_3.000_13.000.wav	1.5	7.333333333333333	Bicycle
YGjsxrMRRdfQ_3.000_13.000.wav	8.166666666666666	10.0	Bicycle
YNOZsDTFLm7M_0.000_9.000.wav	4.125	10.0	Screaming
YlHP0q2sQzPQ_30.000_40.000.wav	3.1666666666666665	10.0	Bus
YW11cJ9HZNaY_30.000_40.000.wav	0.0	10.0	Car
Y0lpPdWvg7Eo_0.000_10.000.wav	0.0	2.6666666666666665	Car
Y0lpPdWvg7Eo_0.000_10.000.wav	3.5	8.791666666666666	Car
Y-zNEcuo28oE_30.000_40.000.wav	2.0833333333333335	10.0	Car
Yqu8vVFWKszA_30.000_40.000.wav	2.125	10.0	Train
YAVBUh6qeHrQ_30.000_40.000.wav	0.6666666666666666	10.0	Civil defense siren
YAVBUh6qeHrQ_30.000_40.000.wav	0.5	6.875	Police car (siren)
YwD4QouhX8zo_30.000_40.000.wav	0.0	10.0	Car
YVIe_Qkg5RJI_130.000_140.000.wav	2.2916666666666665	10.0	Bus
YsuuYwAifIAQ_30.000_40.000.wav	1.5416666666666667	9.25	Bicycle
YX8fEzx-fA0U_80.000_90.000.wav	0.0	10.0	Car
Y9NPKQDaNCRk_0.000_6.000.wav	1.9583333333333333	10.0	Air horn, truck horn
YTJ58vMpSy1w_30.000_40.000.wav	1.4166666666666667	10.0	Bus
YG--718JDmAQ_0.000_10.000.wav	1.5	10.0	Screaming
Y2f7Ad-XpbnY_30.000_40.000.wav	2.7083333333333335	6.291666666666667	Bicycle
Y2f7Ad-XpbnY_30.000_40.000.wav	7.291666666666667	10.0	Bicycle
Yg9JVq7wfDIo_30.000_40.000.wav	1.375	10.0	Car
YbhxN5w03yS0_30.000_40.000.wav	0.0	7.125	Car
Yx-2Abohj8VY_30.000_40.000.wav	1.625	10.0	Bus
YDYdalOQnx1Y_30.000_40.000.wav	1.5416666666666667	10.0	Bus
YWZoQD6cInx8_360.000_370.000.wav	0.0	10.0	Car
YDqOGYyFVnKk_200.000_210.000.wav	0.0	3.75	Car
YDqOGYyFVnKk_200.000_210.000.wav	4.833333333333333	10.0	Car
YVcflBZLflSU_130.000_140.000.wav	0.0	10.0	Civil defense siren
Y-_dElQcyJnA_30.000_40.000.wav	0.08333333333333333	6.5	Police car (siren)
Y-_dElQcyJnA_30.000_40.000.wav	7.166666666666667	8.458333333333334	Police car (siren)
YvHlqKDR7ggA_30.000_40.000.wav	0.0	2.1666666666666665	Car
YvHlqKDR7ggA_30.000_40.000.wav	4.375	10.0	Car
YAg_zT74ZGNc_9.000_19.000.wav	3.75	10.0	Fire engine, fire truck (siren)
Y2E_N8lnoVKE_30.000_40.000.wav	0.0	7.291666666666667	Car
YZxlbI2Rj1VY_30.000_40.000.wav	4.583333333333333	10.0	Police car (siren)
YuCRAnDBXxgI_30.000_40.000.wav	0.08333333333333333	10.0	Civil defense siren
YRq-22Cycrpg_30.000_40.000.wav	1.7083333333333333	10.0	Train
Y9rq8h4oMJ98_30.000_40.000.wav	0.0	10.0	Car
YrCQykaL8Hy4_30.000_40.000.wav	1.0833333333333333	10.0	Ambulance (siren)
YTyTORMEourg_270.000_280.000.wav	1.5416666666666667	10.0	Train
Y9HcahqYUVoc_90.000_100.000.wav	0.0	10.0	Car
YMQ0YasvMcuQ_1.000_11.000.wav	3.8333333333333335	10.0	Screaming
YGKc8PCTen8Q_310.000_320.000.wav	2.75	10.0	Bus
YYbiiaDBU-HI_10.000_20.000.wav	2.125	10.0	Police car (siren)
YrdanJP7Usrg_30.000_40.000.wav	0.16666666666666666	10.0	Truck
YbCGtzspNbNo_30.000_40.000.wav	3.0416666666666665	10.0	Truck
YWoynilrteLU_30.000_40.000.wav	0.0	10.0	Car
YXzE7mp3pVik_0.000_10.000.wav	0.0	10.0	Car
YMZ1Yh6mRC-E_30.000_40.000.wav	1.375	10.0	Civil defense siren
YehYwty_G2L4_13.000_23.000.wav	0.0	10.0	Car
YG6A-sT2DOjY_30.000_40.000.wav	1.125	9.0	Train
YNMqSBlEq14Q_30.000_40.000.wav	0.0	10.0	Car
YP54KKbTA_TE_0.000_7.000.wav	0.875	10.0	Air horn, truck horn
Yl6_h_YHuTbY_30.000_40.000.wav	0.0	10.0	Car
YCuaBHNKycvI_30.000_40.000.wav	1.125	10.0	Train
Y077aWlQn6XI_30.000_40.000.wav	0.0	10.0	Car
YcPjtrTq3F-I_30.000_40.000.wav	0.125	10.0	Civil defense siren
YL3a132_uApg_50.000_60.000.wav	1.125	10.0	Train horn
YL3a132_uApg_50.000_60.000.wav	0.5416666666666666	10.0	Train
YQNKo1W1WRbc_22.000_32.000.wav	2.5833333333333335	9.0	Car alarm
YYc_WuISxfLI_30.000_40.000.wav	0.0	10.0	Car
YikmE_kRvDAc_30.000_40.000.wav	0.0	10.0	Car
Y0lPcHRhXlWk_30.000_40.000.wav	4.125	10.0	Bus
YFn7eSPVvgCQ_30.000_40.000.wav	0.0	10.0	Car
YaW3DY8XDrmw_22.000_32.000.wav	0.0	10.0	Car
YwDKrcZ7xLY8_80.000_90.000.wav	1.6666666666666667	2.8333333333333335	Car
YwDKrcZ7xLY8_80.000_90.000.wav	3.3333333333333335	4.208333333333333	Car
YwDKrcZ7xLY8_80.000_90.000.wav	5.166666666666667	10.0	Car
YFCxEMSNSEuI_160.000_170.000.wav	0.0	10.0	Car
Y5RgHBmX2HLw_30.000_40.000.wav	0.4166666666666667	10.0	Fire engine, fire truck (siren)
Y4PYTtp78Ig0_60.000_70.000.wav	0.5	10.0	Screaming
YI-HlrcP6Qg4_30.000_40.000.wav	0.0	10.0	Car
YIdzfy0XbZRo_7.000_17.000.wav	2.3333333333333335	10.0	Screaming
YD4M3YT75ZrQ_90.000_100.000.wav	0.125	10.0	Fire engine, fire truck (siren)
Y-iAAxJkoqcM_0.000_6.000.wav	0.0	10.0	Car
YzpzJKMG5iGc_30.000_40.000.wav	0.25	10.0	Fire engine, fire truck (siren)
YCuS-ok0xG9g_0.000_10.000.wav	0.0	10.0	Car
Y06si40RVDco_30.000_40.000.wav	0.0	10.0	Car
YGBXRuYIvhfM_30.000_40.000.wav	0.0	9.291666666666666	Car
YsrTX18ikXkE_10.000_20.000.wav	0.0	10.0	Car
YLzZ_nxuZ8Co_30.000_40.000.wav	2.2083333333333335	10.0	Bus
YeHiqCLHmoxI_0.000_8.000.wav	0.0	10.0	Car
YMUBbiivNYZs_30.000_40.000.wav	2.4583333333333335	10.0	Skateboard
YkSjvt2Z_pBo_30.000_40.000.wav	4.541666666666667	10.0	Police car (siren)
YR8XUrRCFkzs_30.000_40.000.wav	0.08333333333333333	10.0	Civil defense siren
YhQ_yyPI46FI_11.000_21.000.wav	0.0	10.0	Car
YFjpOboRcrNc_10.000_20.000.wav	0.0	9.041666666666666	Car
Yj2R1zurR39E_30.000_40.000.wav	0.0	10.0	Car
Y6HL_DKWK-WA_10.000_20.000.wav	0.3333333333333333	2.9166666666666665	Truck
Y6HL_DKWK-WA_10.000_20.000.wav	4.375	10.0	Truck
Y8ILgvaJVPCI_30.000_40.000.wav	0.0	10.0	Civil defense siren
YU_9NuNORYQM_1.000_11.000.wav	1.1666666666666667	10.0	Screaming
YbpdCMWWiB_0_30.000_40.000.wav	3.625	10.0	Bus
YRrlgSfQrqQc_20.000_30.000.wav	1.125	10.0	Bus
Yt_lFhyZaZR0_150.000_160.000.wav	1.2083333333333333	9.041666666666666	Train
YDkKpnvJk9u0_30.000_40.000.wav	0.0	10.0	Car
YInrS4Fdndr4_0.000_10.000.wav	0.125	10.0	Fire engine, fire truck (siren)
YTWDytzefXXc_10.000_20.000.wav	0.0	10.0	Car
